t,x,y,z,vx,vy,vz,wx,wy,wz,event
0.000000,-1.170000,0.000000,1.060000,6.000000,0.000000,2.000000,0.000000,120.000000,0.000000,0
0.001000,-1.164002,0.000000,1.061994,5.995851,0.000000,1.988230,0.000000,120.000000,0.000000,0
0.002000,-1.158008,0.000000,1.063976,5.991709,0.000000,1.976471,0.000000,120.000000,0.000000,0
0.003000,-1.152019,0.000000,1.065947,5.987574,0.000000,1.964722,0.000000,120.000000,0.000000,0
0.004000,-1.146033,0.000000,1.067906,5.983446,0.000000,1.952984,0.000000,120.000000,0.000000,0
0.005000,-1.140052,0.000000,1.069853,5.979325,0.000000,1.941257,0.000000,120.000000,0.000000,0
0.006000,-1.134074,0.000000,1.071788,5.975212,0.000000,1.929539,0.000000,120.000000,0.000000,0
0.007000,-1.128101,0.000000,1.073712,5.971105,0.000000,1.917833,0.000000,120.000000,0.000000,0
0.008000,-1.122132,0.000000,1.075624,5.967006,0.000000,1.906136,0.000000,120.000000,0.000000,0
0.009000,-1.116167,0.000000,1.077524,5.962913,0.000000,1.894450,0.000000,120.000000,0.000000,0
0.010000,-1.110206,0.000000,1.079413,5.958827,0.000000,1.882774,0.000000,120.000000,0.000000,0
0.011000,-1.104250,0.000000,1.081290,5.954749,0.000000,1.871109,0.000000,120.000000,0.000000,0
0.012000,-1.098297,0.000000,1.083155,5.950677,0.000000,1.859453,0.000000,120.000000,0.000000,0
0.013000,-1.092348,0.000000,1.085009,5.946612,0.000000,1.847808,0.000000,120.000000,0.000000,0
0.014000,-1.086404,0.000000,1.086851,5.942554,0.000000,1.836173,0.000000,120.000000,0.000000,0
0.015000,-1.080463,0.000000,1.088681,5.938503,0.000000,1.824548,0.000000,120.000000,0.000000,0
0.016000,-1.074527,0.000000,1.090500,5.934458,0.000000,1.812933,0.000000,120.000000,0.000000,0
0.017000,-1.068594,0.000000,1.092307,5.930420,0.000000,1.801329,0.000000,120.000000,0.000000,0
0.018000,-1.062666,0.000000,1.094103,5.926389,0.000000,1.789734,0.000000,120.000000,0.000000,0
0.019000,-1.056741,0.000000,1.095887,5.922365,0.000000,1.778149,0.000000,120.000000,0.000000,0
0.020000,-1.050821,0.000000,1.097659,5.918347,0.000000,1.766575,0.000000,120.000000,0.000000,0
0.021000,-1.044905,0.000000,1.099420,5.914336,0.000000,1.755010,0.000000,120.000000,0.000000,0
0.022000,-1.038992,0.000000,1.101169,5.910332,0.000000,1.743455,0.000000,120.000000,0.000000,0
0.023000,-1.033084,0.000000,1.102907,5.906334,0.000000,1.731910,0.000000,120.000000,0.000000,0
0.024000,-1.027180,0.000000,1.104633,5.902343,0.000000,1.720375,0.000000,120.000000,0.000000,0
0.025000,-1.021279,0.000000,1.106347,5.898359,0.000000,1.708850,0.000000,120.000000,0.000000,0
0.026000,-1.015383,0.000000,1.108050,5.894380,0.000000,1.697334,0.000000,120.000000,0.000000,0
0.027000,-1.009491,0.000000,1.109742,5.890409,0.000000,1.685828,0.000000,120.000000,0.000000,0
0.028000,-1.003602,0.000000,1.111422,5.886444,0.000000,1.674332,0.000000,120.000000,0.000000,0
0.029000,-0.997718,0.000000,1.113091,5.882485,0.000000,1.662846,0.000000,120.000000,0.000000,0
0.030000,-0.991837,0.000000,1.114748,5.878532,0.000000,1.651369,0.000000,120.000000,0.000000,0
0.031000,-0.985961,0.000000,1.116393,5.874586,0.000000,1.639902,0.000000,120.000000,0.000000,0
0.032000,-0.980088,0.000000,1.118028,5.870647,0.000000,1.628445,0.000000,120.000000,0.000000,0
0.033000,-0.974219,0.000000,1.119650,5.866714,0.000000,1.616997,0.000000,120.000000,0.000000,0
0.034000,-0.968355,0.000000,1.121262,5.862787,0.000000,1.605558,0.000000,120.000000,0.000000,0
0.035000,-0.962494,0.000000,1.122861,5.858866,0.000000,1.594130,0.000000,120.000000,0.000000,0
0.036000,-0.956637,0.000000,1.124450,5.854951,0.000000,1.582710,0.000000,120.000000,0.000000,0
0.037000,-0.950784,0.000000,1.126027,5.851043,0.000000,1.571300,0.000000,120.000000,0.000000,0
0.038000,-0.944935,0.000000,1.127592,5.847141,0.000000,1.559900,0.000000,120.000000,0.000000,0
0.039000,-0.939090,0.000000,1.129147,5.843245,0.000000,1.548509,0.000000,120.000000,0.000000,0
0.040000,-0.933248,0.000000,1.130689,5.839355,0.000000,1.537127,0.000000,120.000000,0.000000,0
0.041000,-0.927411,0.000000,1.132221,5.835472,0.000000,1.525755,0.000000,120.000000,0.000000,0
0.042000,-0.921577,0.000000,1.133741,5.831594,0.000000,1.514392,0.000000,120.000000,0.000000,0
0.043000,-0.915748,0.000000,1.135250,5.827723,0.000000,1.503038,0.000000,120.000000,0.000000,0
0.044000,-0.909922,0.000000,1.136747,5.823857,0.000000,1.491693,0.000000,120.000000,0.000000,0
0.045000,-0.904100,0.000000,1.138233,5.819998,0.000000,1.480358,0.000000,120.000000,0.000000,0
0.046000,-0.898282,0.000000,1.139708,5.816144,0.000000,1.469032,0.000000,120.000000,0.000000,0
0.047000,-0.892468,0.000000,1.141171,5.812297,0.000000,1.457715,0.000000,120.000000,0.000000,0
0.048000,-0.886657,0.000000,1.142623,5.808455,0.000000,1.446407,0.000000,120.000000,0.000000,0
0.049000,-0.880851,0.000000,1.144064,5.804620,0.000000,1.435109,0.000000,120.000000,0.000000,0
0.050000,-0.875048,0.000000,1.145493,5.800790,0.000000,1.423819,0.000000,120.000000,0.000000,0
0.051000,-0.869249,0.000000,1.146912,5.796966,0.000000,1.412538,0.000000,120.000000,0.000000,0
0.052000,-0.863454,0.000000,1.148319,5.793148,0.000000,1.401267,0.000000,120.000000,0.000000,0
0.053000,-0.857663,0.000000,1.149714,5.789336,0.000000,1.390004,0.000000,120.000000,0.000000,0
0.054000,-0.851876,0.000000,1.151099,5.785529,0.000000,1.378751,0.000000,120.000000,0.000000,0
0.055000,-0.846092,0.000000,1.152472,5.781729,0.000000,1.367506,0.000000,120.000000,0.000000,0
0.056000,-0.840312,0.000000,1.153834,5.777934,0.000000,1.356271,0.000000,120.000000,0.000000,0
0.057000,-0.834536,0.000000,1.155184,5.774144,0.000000,1.345044,0.000000,120.000000,0.000000,0
0.058000,-0.828764,0.000000,1.156524,5.770361,0.000000,1.333826,0.000000,120.000000,0.000000,0
0.059000,-0.822995,0.000000,1.157852,5.766583,0.000000,1.322617,0.000000,120.000000,0.000000,0
0.060000,-0.817231,0.000000,1.159169,5.762811,0.000000,1.311417,0.000000,120.000000,0.000000,0
0.061000,-0.811470,0.000000,1.160475,5.759044,0.000000,1.300225,0.000000,120.000000,0.000000,0
0.062000,-0.805713,0.000000,1.161769,5.755283,0.000000,1.289043,0.000000,120.000000,0.000000,0
0.063000,-0.799959,0.000000,1.163053,5.751527,0.000000,1.277869,0.000000,120.000000,0.000000,0
0.064000,-0.794209,0.000000,1.164325,5.747777,0.000000,1.266704,0.000000,120.000000,0.000000,0
0.065000,-0.788464,0.000000,1.165586,5.744033,0.000000,1.255547,0.000000,120.000000,0.000000,0
0.066000,-0.782721,0.000000,1.166836,5.740294,0.000000,1.244399,0.000000,120.000000,0.000000,0
0.067000,-0.776983,0.000000,1.168075,5.736561,0.000000,1.233260,0.000000,120.000000,0.000000,0
0.068000,-0.771248,0.000000,1.169303,5.732833,0.000000,1.222130,0.000000,120.000000,0.000000,0
0.069000,-0.765517,0.000000,1.170519,5.729110,0.000000,1.211008,0.000000,120.000000,0.000000,0
0.070000,-0.759790,0.000000,1.171725,5.725393,0.000000,1.199894,0.000000,120.000000,0.000000,0
0.071000,-0.754067,0.000000,1.172919,5.721681,0.000000,1.188790,0.000000,120.000000,0.000000,0
0.072000,-0.748347,0.000000,1.174102,5.717974,0.000000,1.177693,0.000000,120.000000,0.000000,0
0.073000,-0.742631,0.000000,1.175274,5.714273,0.000000,1.166605,0.000000,120.000000,0.000000,0
0.074000,-0.736918,0.000000,1.176436,5.710577,0.000000,1.155526,0.000000,120.000000,0.000000,0
0.075000,-0.731209,0.000000,1.177586,5.706887,0.000000,1.144455,0.000000,120.000000,0.000000,0
0.076000,-0.725504,0.000000,1.178724,5.703201,0.000000,1.133393,0.000000,120.000000,0.000000,0
0.077000,-0.719803,0.000000,1.179852,5.699521,0.000000,1.122338,0.000000,120.000000,0.000000,0
0.078000,-0.714105,0.000000,1.180969,5.695846,0.000000,1.111293,0.000000,120.000000,0.000000,0
0.079000,-0.708411,0.000000,1.182075,5.692177,0.000000,1.100255,0.000000,120.000000,0.000000,0
0.080000,-0.702721,0.000000,1.183170,5.688512,0.000000,1.089226,0.000000,120.000000,0.000000,0
0.081000,-0.697034,0.000000,1.184253,5.684853,0.000000,1.078206,0.000000,120.000000,0.000000,0
0.082000,-0.691351,0.000000,1.185326,5.681198,0.000000,1.067193,0.000000,120.000000,0.000000,0
0.083000,-0.685672,0.000000,1.186388,5.677549,0.000000,1.056189,0.000000,120.000000,0.000000,0
0.084000,-0.679996,0.000000,1.187438,5.673905,0.000000,1.045193,0.000000,120.000000,0.000000,0
0.085000,-0.674324,0.000000,1.188478,5.670266,0.000000,1.034205,0.000000,120.000000,0.000000,0
0.086000,-0.668656,0.000000,1.189507,5.666632,0.000000,1.023226,0.000000,120.000000,0.000000,0
0.087000,-0.662991,0.000000,1.190525,5.663002,0.000000,1.012254,0.000000,120.000000,0.000000,0
0.088000,-0.657330,0.000000,1.191531,5.659378,0.000000,1.001291,0.000000,120.000000,0.000000,0
0.089000,-0.651672,0.000000,1.192527,5.655759,0.000000,0.990336,0.000000,120.000000,0.000000,0
0.090000,-0.646018,0.000000,1.193512,5.652145,0.000000,0.979389,0.000000,120.000000,0.000000,0
0.091000,-0.640368,0.000000,1.194486,5.648536,0.000000,0.968450,0.000000,120.000000,0.000000,0
0.092000,-0.634721,0.000000,1.195449,5.644931,0.000000,0.957519,0.000000,120.000000,0.000000,0
0.093000,-0.629078,0.000000,1.196401,5.641331,0.000000,0.946596,0.000000,120.000000,0.000000,0
0.094000,-0.623438,0.000000,1.197342,5.637737,0.000000,0.935681,0.000000,120.000000,0.000000,0
0.095000,-0.617802,0.000000,1.198272,5.634147,0.000000,0.924774,0.000000,120.000000,0.000000,0
0.096000,-0.612170,0.000000,1.199192,5.630562,0.000000,0.913875,0.000000,120.000000,0.000000,0
0.097000,-0.606541,0.000000,1.200100,5.626981,0.000000,0.902984,0.000000,120.000000,0.000000,0
0.098000,-0.600916,0.000000,1.200998,5.623406,0.000000,0.892101,0.000000,120.000000,0.000000,0
0.099000,-0.595294,0.000000,1.201884,5.619835,0.000000,0.881226,0.000000,120.000000,0.000000,0
0.100000,-0.589676,0.000000,1.202760,5.616269,0.000000,0.870359,0.000000,120.000000,0.000000,0
0.101000,-0.584062,0.000000,1.203625,5.612707,0.000000,0.859500,0.000000,120.000000,0.000000,0
0.102000,-0.578451,0.000000,1.204479,5.609150,0.000000,0.848648,0.000000,120.000000,0.000000,0
0.103000,-0.572844,0.000000,1.205322,5.605598,0.000000,0.837805,0.000000,120.000000,0.000000,0
0.104000,-0.567240,0.000000,1.206155,5.602050,0.000000,0.826969,0.000000,120.000000,0.000000,0
0.105000,-0.561640,0.000000,1.206976,5.598507,0.000000,0.816141,0.000000,120.000000,0.000000,0
0.106000,-0.556043,0.000000,1.207787,5.594969,0.000000,0.805320,0.000000,120.000000,0.000000,0
0.107000,-0.550450,0.000000,1.208587,5.591435,0.000000,0.794508,0.000000,120.000000,0.000000,0
0.108000,-0.544860,0.000000,1.209376,5.587906,0.000000,0.783703,0.000000,120.000000,0.000000,0
0.109000,-0.539274,0.000000,1.210154,5.584381,0.000000,0.772906,0.000000,120.000000,0.000000,0
0.110000,-0.533691,0.000000,1.210922,5.580861,0.000000,0.762116,0.000000,120.000000,0.000000,0
0.111000,-0.528112,0.000000,1.211679,5.577345,0.000000,0.751334,0.000000,120.000000,0.000000,0
0.112000,-0.522536,0.000000,1.212425,5.573833,0.000000,0.740560,0.000000,120.000000,0.000000,0
0.113000,-0.516964,0.000000,1.213160,5.570326,0.000000,0.729794,0.000000,120.000000,0.000000,0
0.114000,-0.511396,0.000000,1.213884,5.566824,0.000000,0.719035,0.000000,120.000000,0.000000,0
0.115000,-0.505831,0.000000,1.214598,5.563326,0.000000,0.708283,0.000000,120.000000,0.000000,0
0.116000,-0.500269,0.000000,1.215301,5.559832,0.000000,0.697540,0.000000,120.000000,0.000000,0
0.117000,-0.494711,0.000000,1.215993,5.556342,0.000000,0.686803,0.000000,120.000000,0.000000,0
0.118000,-0.489156,0.000000,1.216674,5.552857,0.000000,0.676075,0.000000,120.000000,0.000000,0
0.119000,-0.483605,0.000000,1.217345,5.549376,0.000000,0.665353,0.000000,120.000000,0.000000,0
0.120000,-0.478058,0.000000,1.218005,5.545899,0.000000,0.654640,0.000000,120.000000,0.000000,0
0.121000,-0.472514,0.000000,1.218654,5.542427,0.000000,0.643933,0.000000,120.000000,0.000000,0
0.122000,-0.466973,0.000000,1.219293,5.538959,0.000000,0.633235,0.000000,120.000000,0.000000,0
0.123000,-0.461436,0.000000,1.219921,5.535495,0.000000,0.622543,0.000000,120.000000,0.000000,0
0.124000,-0.455902,0.000000,1.220538,5.532035,0.000000,0.611859,0.000000,120.000000,0.000000,0
0.125000,-0.450372,0.000000,1.221144,5.528580,0.000000,0.601183,0.000000,120.000000,0.000000,0
0.126000,-0.444845,0.000000,1.221740,5.525128,0.000000,0.590514,0.000000,120.000000,0.000000,0
0.127000,-0.439321,0.000000,1.222325,5.521681,0.000000,0.579852,0.000000,120.000000,0.000000,0
0.128000,-0.433801,0.000000,1.222900,5.518238,0.000000,0.569198,0.000000,120.000000,0.000000,0
0.129000,-0.428285,0.000000,1.223464,5.514799,0.000000,0.558550,0.000000,120.000000,0.000000,0
0.130000,-0.422772,0.000000,1.224017,5.511364,0.000000,0.547911,0.000000,120.000000,0.000000,0
0.131000,-0.417262,0.000000,1.224560,5.507933,0.000000,0.537278,0.000000,120.000000,0.000000,0
0.132000,-0.411756,0.000000,1.225092,5.504506,0.000000,0.526653,0.000000,120.000000,0.000000,0
0.133000,-0.406253,0.000000,1.225613,5.501083,0.000000,0.516035,0.000000,120.000000,0.000000,0
0.134000,-0.400754,0.000000,1.226124,5.497664,0.000000,0.505424,0.000000,120.000000,0.000000,0
0.135000,-0.395258,0.000000,1.226624,5.494249,0.000000,0.494821,0.000000,120.000000,0.000000,0
0.136000,-0.389765,0.000000,1.227113,5.490838,0.000000,0.484225,0.000000,120.000000,0.000000,0
0.137000,-0.384276,0.000000,1.227592,5.487431,0.000000,0.473635,0.000000,120.000000,0.000000,0
0.138000,-0.378790,0.000000,1.228061,5.484028,0.000000,0.463054,0.000000,120.000000,0.000000,0
0.139000,-0.373308,0.000000,1.228518,5.480629,0.000000,0.452479,0.000000,120.000000,0.000000,0
0.140000,-0.367829,0.000000,1.228966,5.477233,0.000000,0.441911,0.000000,120.000000,0.000000,0
0.141000,-0.362354,0.000000,1.229402,5.473842,0.000000,0.431351,0.000000,120.000000,0.000000,0
0.142000,-0.356881,0.000000,1.229828,5.470454,0.000000,0.420797,0.000000,120.000000,0.000000,0
0.143000,-0.351413,0.000000,1.230244,5.467070,0.000000,0.410251,0.000000,120.000000,0.000000,0
0.144000,-0.345947,0.000000,1.230649,5.463690,0.000000,0.399712,0.000000,120.000000,0.000000,0
0.145000,-0.340485,0.000000,1.231043,5.460314,0.000000,0.389180,0.000000,120.000000,0.000000,0
0.146000,-0.335027,0.000000,1.231427,5.456941,0.000000,0.378655,0.000000,120.000000,0.000000,0
0.147000,-0.329571,0.000000,1.231801,5.453572,0.000000,0.368137,0.000000,120.000000,0.000000,0
0.148000,-0.324120,0.000000,1.232163,5.450207,0.000000,0.357626,0.000000,120.000000,0.000000,0
0.149000,-0.318671,0.000000,1.232516,5.446846,0.000000,0.347122,0.000000,120.000000,0.000000,0
0.150000,-0.313226,0.000000,1.232858,5.443488,0.000000,0.336625,0.000000,120.000000,0.000000,0
0.151000,-0.307784,0.000000,1.233189,5.440134,0.000000,0.326135,0.000000,120.000000,0.000000,0
0.152000,-0.302346,0.000000,1.233510,5.436783,0.000000,0.315652,0.000000,120.000000,0.000000,0
0.153000,-0.296910,0.000000,1.233820,5.433436,0.000000,0.305175,0.000000,120.000000,0.000000,0
0.154000,-0.291479,0.000000,1.234120,5.430093,0.000000,0.294706,0.000000,120.000000,0.000000,0
0.155000,-0.286050,0.000000,1.234410,5.426753,0.000000,0.284244,0.000000,120.000000,0.000000,0
0.156000,-0.280625,0.000000,1.234689,5.423417,0.000000,0.273789,0.000000,120.000000,0.000000,0
0.157000,-0.275203,0.000000,1.234957,5.420084,0.000000,0.263340,0.000000,120.000000,0.000000,0
0.158000,-0.269785,0.000000,1.235216,5.416755,0.000000,0.252898,0.000000,120.000000,0.000000,0
0.159000,-0.264370,0.000000,1.235463,5.413430,0.000000,0.242463,0.000000,120.000000,0.000000,0
0.160000,-0.258958,0.000000,1.235700,5.410108,0.000000,0.232036,0.000000,120.000000,0.000000,0
0.161000,-0.253550,0.000000,1.235927,5.406789,0.000000,0.221614,0.000000,120.000000,0.000000,0
0.162000,-0.248145,0.000000,1.236144,5.403474,0.000000,0.211200,0.000000,120.000000,0.000000,0
0.163000,-0.242743,0.000000,1.236350,5.400162,0.000000,0.200793,0.000000,120.000000,0.000000,0
0.164000,-0.237344,0.000000,1.236545,5.396854,0.000000,0.190392,0.000000,120.000000,0.000000,0
0.165000,-0.231949,0.000000,1.236730,5.393549,0.000000,0.179998,0.000000,120.000000,0.000000,0
0.166000,-0.226557,0.000000,1.236905,5.390247,0.000000,0.169611,0.000000,120.000000,0.000000,0
0.167000,-0.221169,0.000000,1.237070,5.386949,0.000000,0.159230,0.000000,120.000000,0.000000,0
0.168000,-0.215783,0.000000,1.237224,5.383654,0.000000,0.148856,0.000000,120.000000,0.000000,0
0.169000,-0.210401,0.000000,1.237367,5.380362,0.000000,0.138489,0.000000,120.000000,0.000000,0
0.170000,-0.205023,0.000000,1.237501,5.377074,0.000000,0.128129,0.000000,120.000000,0.000000,0
0.171000,-0.199647,0.000000,1.237624,5.373789,0.000000,0.117775,0.000000,120.000000,0.000000,0
0.172000,-0.194275,0.000000,1.237736,5.370507,0.000000,0.107428,0.000000,120.000000,0.000000,0
0.173000,-0.188906,0.000000,1.237839,5.367229,0.000000,0.097088,0.000000,120.000000,0.000000,0
0.174000,-0.183540,0.000000,1.237930,5.363953,0.000000,0.086754,0.000000,120.000000,0.000000,0
0.175000,-0.178178,0.000000,1.238012,5.360681,0.000000,0.076427,0.000000,120.000000,0.000000,0
0.176000,-0.172819,0.000000,1.238083,5.357412,0.000000,0.066107,0.000000,120.000000,0.000000,0
0.177000,-0.167463,0.000000,1.238144,5.354147,0.000000,0.055793,0.000000,120.000000,0.000000,0
0.178000,-0.162111,0.000000,1.238195,5.350884,0.000000,0.045486,0.000000,120.000000,0.000000,0
0.179000,-0.156762,0.000000,1.238235,5.347625,0.000000,0.035185,0.000000,120.000000,0.000000,0
0.180000,-0.151416,0.000000,1.238265,5.344368,0.000000,0.024891,0.000000,120.000000,0.000000,0
0.181000,-0.146073,0.000000,1.238285,5.341115,0.000000,0.014604,0.000000,120.000000,0.000000,0
0.182000,-0.140733,0.000000,1.238294,5.337865,0.000000,0.004323,0.000000,120.000000,0.000000,0
0.183000,-0.135397,0.000000,1.238294,5.334618,0.000000,-0.005951,0.000000,120.000000,0.000000,0
0.184000,-0.130064,0.000000,1.238283,5.331374,0.000000,-0.016219,0.000000,120.000000,0.000000,0
0.185000,-0.124734,0.000000,1.238261,5.328133,0.000000,-0.026480,0.000000,120.000000,0.000000,0
0.186000,-0.119408,0.000000,1.238230,5.324895,0.000000,-0.036735,0.000000,120.000000,0.000000,0
0.187000,-0.114085,0.000000,1.238188,5.321660,0.000000,-0.046983,0.000000,120.000000,0.000000,0
0.188000,-0.108765,0.000000,1.238136,5.318428,0.000000,-0.057225,0.000000,120.000000,0.000000,0
0.189000,-0.103448,0.000000,1.238073,5.315199,0.000000,-0.067461,0.000000,120.000000,0.000000,0
0.190000,-0.098134,0.000000,1.238001,5.311973,0.000000,-0.077690,0.000000,120.000000,0.000000,0
0.191000,-0.092824,0.000000,1.237918,5.308750,0.000000,-0.087912,0.000000,120.000000,0.000000,0
0.192000,-0.087517,0.000000,1.237825,5.305529,0.000000,-0.098128,0.000000,120.000000,0.000000,0
0.193000,-0.082213,0.000000,1.237722,5.302312,0.000000,-0.108338,0.000000,120.000000,0.000000,0
0.194000,-0.076912,0.000000,1.237608,5.299097,0.000000,-0.118541,0.000000,120.000000,0.000000,0
0.195000,-0.071614,0.000000,1.237485,5.295886,0.000000,-0.128738,0.000000,120.000000,0.000000,0
0.196000,-0.066320,0.000000,1.237351,5.292677,0.000000,-0.138928,0.000000,120.000000,0.000000,0
0.197000,-0.061029,0.000000,1.237207,5.289471,0.000000,-0.149112,0.000000,120.000000,0.000000,0
0.198000,-0.055741,0.000000,1.237053,5.286268,0.000000,-0.159289,0.000000,120.000000,0.000000,0
0.199000,-0.050457,0.000000,1.236888,5.283067,0.000000,-0.169461,0.000000,120.000000,0.000000,0
0.200000,-0.045175,0.000000,1.236714,5.279870,0.000000,-0.179626,0.000000,120.000000,0.000000,0
0.201000,-0.039897,0.000000,1.236529,5.276675,0.000000,-0.189784,0.000000,120.000000,0.000000,0
0.202000,-0.034622,0.000000,1.236334,5.273483,0.000000,-0.199936,0.000000,120.000000,0.000000,0
0.203000,-0.029350,0.000000,1.236129,5.270293,0.000000,-0.210082,0.000000,120.000000,0.000000,0
0.204000,-0.024081,0.000000,1.235914,5.267106,0.000000,-0.220222,0.000000,120.000000,0.000000,0
0.205000,-0.018816,0.000000,1.235689,5.263922,0.000000,-0.230355,0.000000,120.000000,0.000000,0
0.206000,-0.013553,0.000000,1.235453,5.260741,0.000000,-0.240482,0.000000,120.000000,0.000000,0
0.207000,-0.008294,0.000000,1.235208,5.257562,0.000000,-0.250603,0.000000,120.000000,0.000000,0
0.208000,-0.003038,0.000000,1.234952,5.254386,0.000000,-0.260717,0.000000,120.000000,0.000000,5
0.209000,0.002215,0.000000,1.234686,5.251213,0.000000,-0.270826,0.000000,120.000000,0.000000,0
0.210000,0.007464,0.000000,1.234410,5.248042,0.000000,-0.280928,0.000000,120.000000,0.000000,0
0.211000,0.012711,0.000000,1.234124,5.244874,0.000000,-0.291023,0.000000,120.000000,0.000000,0
0.212000,0.017954,0.000000,1.233828,5.241708,0.000000,-0.301113,0.000000,120.000000,0.000000,0
0.213000,0.023194,0.000000,1.233522,5.238545,0.000000,-0.311196,0.000000,120.000000,0.000000,0
0.214000,0.028431,0.000000,1.233206,5.235385,0.000000,-0.321273,0.000000,120.000000,0.000000,0
0.215000,0.033665,0.000000,1.232880,5.232226,0.000000,-0.331344,0.000000,120.000000,0.000000,0
0.216000,0.038895,0.000000,1.232543,5.229071,0.000000,-0.341408,0.000000,120.000000,0.000000,0
0.217000,0.044123,0.000000,1.232197,5.225918,0.000000,-0.351467,0.000000,120.000000,0.000000,0
0.218000,0.049347,0.000000,1.231840,5.222767,0.000000,-0.361519,0.000000,120.000000,0.000000,0
0.219000,0.054569,0.000000,1.231474,5.219619,0.000000,-0.371565,0.000000,120.000000,0.000000,0
0.220000,0.059787,0.000000,1.231097,5.216474,0.000000,-0.381605,0.000000,120.000000,0.000000,0
0.221000,0.065001,0.000000,1.230711,5.213330,0.000000,-0.391639,0.000000,120.000000,0.000000,0
0.222000,0.070213,0.000000,1.230314,5.210190,0.000000,-0.401666,0.000000,120.000000,0.000000,0
0.223000,0.075422,0.000000,1.229907,5.207051,0.000000,-0.411688,0.000000,120.000000,0.000000,0
0.224000,0.080627,0.000000,1.229490,5.203915,0.000000,-0.421703,0.000000,120.000000,0.000000,0
0.225000,0.085830,0.000000,1.229064,5.200782,0.000000,-0.431712,0.000000,120.000000,0.000000,0
0.226000,0.091029,0.000000,1.228627,5.197650,0.000000,-0.441715,0.000000,120.000000,0.000000,0
0.227000,0.096225,0.000000,1.228180,5.194521,0.000000,-0.451712,0.000000,120.000000,0.000000,0
0.228000,0.101418,0.000000,1.227724,5.191395,0.000000,-0.461703,0.000000,120.000000,0.000000,0
0.229000,0.106608,0.000000,1.227257,5.188270,0.000000,-0.471688,0.000000,120.000000,0.000000,0
0.230000,0.111794,0.000000,1.226780,5.185148,0.000000,-0.481667,0.000000,120.000000,0.000000,0
0.231000,0.116978,0.000000,1.226294,5.182029,0.000000,-0.491639,0.000000,120.000000,0.000000,0
0.232000,0.122159,0.000000,1.225797,5.178911,0.000000,-0.501606,0.000000,120.000000,0.000000,0
0.233000,0.127336,0.000000,1.225290,5.175796,0.000000,-0.511566,0.000000,120.000000,0.000000,0
0.234000,0.132510,0.000000,1.224774,5.172683,0.000000,-0.521521,0.000000,120.000000,0.000000,0
0.235000,0.137681,0.000000,1.224247,5.169572,0.000000,-0.531469,0.000000,120.000000,0.000000,0
0.236000,0.142849,0.000000,1.223711,5.166463,0.000000,-0.541412,0.000000,120.000000,0.000000,0
0.237000,0.148014,0.000000,1.223165,5.163357,0.000000,-0.551348,0.000000,120.000000,0.000000,0
0.238000,0.153176,0.000000,1.222608,5.160253,0.000000,-0.561278,0.000000,120.000000,0.000000,0
0.239000,0.158335,0.000000,1.222042,5.157151,0.000000,-0.571203,0.000000,120.000000,0.000000,0
0.240000,0.163490,0.000000,1.221466,5.154051,0.000000,-0.581121,0.000000,120.000000,0.000000,0
0.241000,0.168643,0.000000,1.220880,5.150953,0.000000,-0.591033,0.000000,120.000000,0.000000,0
0.242000,0.173792,0.000000,1.220284,5.147857,0.000000,-0.600939,0.000000,120.000000,0.000000,0
0.243000,0.178939,0.000000,1.219678,5.144764,0.000000,-0.610840,0.000000,120.000000,0.000000,0
0.244000,0.184082,0.000000,1.219062,5.141672,0.000000,-0.620734,0.000000,120.000000,0.000000,0
0.245000,0.189222,0.000000,1.218436,5.138583,0.000000,-0.630622,0.000000,120.000000,0.000000,0
0.246000,0.194359,0.000000,1.217801,5.135495,0.000000,-0.640505,0.000000,120.000000,0.000000,0
0.247000,0.199493,0.000000,1.217155,5.132410,0.000000,-0.650381,0.000000,120.000000,0.000000,0
0.248000,0.204624,0.000000,1.216500,5.129326,0.000000,-0.660252,0.000000,120.000000,0.000000,0
0.249000,0.209752,0.000000,1.215835,5.126245,0.000000,-0.670116,0.000000,120.000000,0.000000,0
0.250000,0.214876,0.000000,1.215160,5.123166,0.000000,-0.679975,0.000000,120.000000,0.000000,0
0.251000,0.219998,0.000000,1.214475,5.120088,0.000000,-0.689827,0.000000,120.000000,0.000000,0
0.252000,0.225116,0.000000,1.213780,5.117013,0.000000,-0.699674,0.000000,120.000000,0.000000,0
0.253000,0.230232,0.000000,1.213076,5.113940,0.000000,-0.709515,0.000000,120.000000,0.000000,0
0.254000,0.235344,0.000000,1.212361,5.110868,0.000000,-0.719349,0.000000,120.000000,0.000000,0
0.255000,0.240454,0.000000,1.211637,5.107798,0.000000,-0.729178,0.000000,120.000000,0.000000,0
0.256000,0.245560,0.000000,1.210903,5.104731,0.000000,-0.739001,0.000000,120.000000,0.000000,0
0.257000,0.250663,0.000000,1.210159,5.101665,0.000000,-0.748818,0.000000,120.000000,0.000000,0
0.258000,0.255763,0.000000,1.209405,5.098601,0.000000,-0.758630,0.000000,120.000000,0.000000,0
0.259000,0.260860,0.000000,1.208642,5.095539,0.000000,-0.768435,0.000000,120.000000,0.000000,0
0.260000,0.265954,0.000000,1.207868,5.092479,0.000000,-0.778234,0.000000,120.000000,0.000000,0
0.261000,0.271045,0.000000,1.207085,5.089420,0.000000,-0.788028,0.000000,120.000000,0.000000,0
0.262000,0.276133,0.000000,1.206292,5.086364,0.000000,-0.797815,0.000000,120.000000,0.000000,0
0.263000,0.281218,0.000000,1.205490,5.083309,0.000000,-0.807597,0.000000,120.000000,0.000000,0
0.264000,0.286300,0.000000,1.204677,5.080256,0.000000,-0.817373,0.000000,120.000000,0.000000,0
0.265000,0.291378,0.000000,1.203855,5.077205,0.000000,-0.827143,0.000000,120.000000,0.000000,0
0.266000,0.296454,0.000000,1.203023,5.074156,0.000000,-0.836907,0.000000,120.000000,0.000000,0
0.267000,0.301527,0.000000,1.202181,5.071108,0.000000,-0.846666,0.000000,120.000000,0.000000,0
0.268000,0.306596,0.000000,1.201329,5.068063,0.000000,-0.856418,0.000000,120.000000,0.000000,0
0.269000,0.311663,0.000000,1.200468,5.065018,0.000000,-0.866165,0.000000,120.000000,0.000000,0
0.270000,0.316726,0.000000,1.199597,5.061976,0.000000,-0.875905,0.000000,120.000000,0.000000,0
0.271000,0.321787,0.000000,1.198716,5.058935,0.000000,-0.885640,0.000000,120.000000,0.000000,0
0.272000,0.326844,0.000000,1.197826,5.055896,0.000000,-0.895369,0.000000,120.000000,0.000000,0
0.273000,0.331899,0.000000,1.196926,5.052859,0.000000,-0.905093,0.000000,120.000000,0.000000,0
0.274000,0.336950,0.000000,1.196016,5.049823,0.000000,-0.914810,0.000000,120.000000,0.000000,0
0.275000,0.341998,0.000000,1.195096,5.046789,0.000000,-0.924522,0.000000,120.000000,0.000000,0
0.276000,0.347044,0.000000,1.194167,5.043757,0.000000,-0.934228,0.000000,120.000000,0.000000,0
0.277000,0.352086,0.000000,1.193228,5.040726,0.000000,-0.943928,0.000000,120.000000,0.000000,0
0.278000,0.357125,0.000000,1.192279,5.037697,0.000000,-0.953622,0.000000,120.000000,0.000000,0
0.279000,0.362161,0.000000,1.191320,5.034670,0.000000,-0.963310,0.000000,120.000000,0.000000,0
0.280000,0.367194,0.000000,1.190352,5.031644,0.000000,-0.972993,0.000000,120.000000,0.000000,0
0.281000,0.372224,0.000000,1.189374,5.028619,0.000000,-0.982670,0.000000,120.000000,0.000000,0
0.282000,0.377252,0.000000,1.188387,5.025597,0.000000,-0.992341,0.000000,120.000000,0.000000,0
0.283000,0.382276,0.000000,1.187390,5.022575,0.000000,-1.002006,0.000000,120.000000,0.000000,0
0.284000,0.387297,0.000000,1.186383,5.019556,0.000000,-1.011666,0.000000,120.000000,0.000000,0
0.285000,0.392315,0.000000,1.185366,5.016537,0.000000,-1.021319,0.000000,120.000000,0.000000,0
0.286000,0.397330,0.000000,1.184340,5.013521,0.000000,-1.030967,0.000000,120.000000,0.000000,0
0.287000,0.402342,0.000000,1.183304,5.010506,0.000000,-1.040609,0.000000,120.000000,0.000000,0
0.288000,0.407351,0.000000,1.182259,5.007492,0.000000,-1.050246,0.000000,120.000000,0.000000,0
0.289000,0.412357,0.000000,1.181204,5.004480,0.000000,-1.059876,0.000000,120.000000,0.000000,0
0.290000,0.417360,0.000000,1.180139,5.001469,0.000000,-1.069501,0.000000,120.000000,0.000000,0
0.291000,0.422360,0.000000,1.179065,4.998460,0.000000,-1.079120,0.000000,120.000000,0.000000,0
0.292000,0.427357,0.000000,1.177981,4.995452,0.000000,-1.088733,0.000000,120.000000,0.000000,0
0.293000,0.432351,0.000000,1.176887,4.992445,0.000000,-1.098341,0.000000,120.000000,0.000000,0
0.294000,0.437342,0.000000,1.175784,4.989440,0.000000,-1.107943,0.000000,120.000000,0.000000,0
0.295000,0.442330,0.000000,1.174672,4.986437,0.000000,-1.117539,0.000000,120.000000,0.000000,0
0.296000,0.447314,0.000000,1.173549,4.983434,0.000000,-1.127129,0.000000,120.000000,0.000000,0
0.297000,0.452296,0.000000,1.172417,4.980434,0.000000,-1.136714,0.000000,120.000000,0.000000,0
0.298000,0.457275,0.000000,1.171276,4.977434,0.000000,-1.146293,0.000000,120.000000,0.000000,0
0.299000,0.462251,0.000000,1.170125,4.974436,0.000000,-1.155866,0.000000,120.000000,0.000000,0
0.300000,0.467224,0.000000,1.168964,4.971439,0.000000,-1.165433,0.000000,120.000000,0.000000,0
0.301000,0.472194,0.000000,1.167794,4.968444,0.000000,-1.174995,0.000000,120.000000,0.000000,0
0.302000,0.477161,0.000000,1.166614,4.965449,0.000000,-1.184550,0.000000,120.000000,0.000000,0
0.303000,0.482125,0.000000,1.165425,4.962456,0.000000,-1.194101,0.000000,120.000000,0.000000,0
0.304000,0.487086,0.000000,1.164226,4.959465,0.000000,-1.203645,0.000000,120.000000,0.000000,0
0.305000,0.492044,0.000000,1.163017,4.956475,0.000000,-1.213184,0.000000,120.000000,0.000000,0
0.306000,0.496999,0.000000,1.161800,4.953486,0.000000,-1.222717,0.000000,120.000000,0.000000,0
0.307000,0.501951,0.000000,1.160572,4.950498,0.000000,-1.232244,0.000000,120.000000,0.000000,0
0.308000,0.506900,0.000000,1.159335,4.947511,0.000000,-1.241766,0.000000,120.000000,0.000000,0
0.309000,0.511846,0.000000,1.158088,4.944526,0.000000,-1.251282,0.000000,120.000000,0.000000,0
0.310000,0.516789,0.000000,1.156832,4.941542,0.000000,-1.260792,0.000000,120.000000,0.000000,0
0.311000,0.521729,0.000000,1.155567,4.938559,0.000000,-1.270296,0.000000,120.000000,0.000000,0
0.312000,0.526666,0.000000,1.154292,4.935577,0.000000,-1.279795,0.000000,120.000000,0.000000,0
0.313000,0.531600,0.000000,1.153007,4.932597,0.000000,-1.289288,0.000000,120.000000,0.000000,0
0.314000,0.536531,0.000000,1.151713,4.929618,0.000000,-1.298775,0.000000,120.000000,0.000000,0
0.315000,0.541459,0.000000,1.150410,4.926639,0.000000,-1.308257,0.000000,120.000000,0.000000,0
0.316000,0.546385,0.000000,1.149097,4.923662,0.000000,-1.317733,0.000000,120.000000,0.000000,0
0.317000,0.551307,0.000000,1.147774,4.920687,0.000000,-1.327203,0.000000,120.000000,0.000000,0
0.318000,0.556226,0.000000,1.146442,4.917712,0.000000,-1.336667,0.000000,120.000000,0.000000,0
0.319000,0.561142,0.000000,1.145101,4.914738,0.000000,-1.346126,0.000000,120.000000,0.000000,0
0.320000,0.566055,0.000000,1.143750,4.911766,0.000000,-1.355579,0.000000,120.000000,0.000000,0
0.321000,0.570966,0.000000,1.142390,4.908795,0.000000,-1.365027,0.000000,120.000000,0.000000,0
0.322000,0.575873,0.000000,1.141020,4.905824,0.000000,-1.374468,0.000000,120.000000,0.000000,0
0.323000,0.580777,0.000000,1.139641,4.902855,0.000000,-1.383904,0.000000,120.000000,0.000000,0
0.324000,0.585679,0.000000,1.138252,4.899887,0.000000,-1.393335,0.000000,120.000000,0.000000,0
0.325000,0.590577,0.000000,1.136854,4.896920,0.000000,-1.402759,0.000000,120.000000,0.000000,0
0.326000,0.595473,0.000000,1.135447,4.893954,0.000000,-1.412178,0.000000,120.000000,0.000000,0
0.327000,0.600365,0.000000,1.134030,4.890989,0.000000,-1.421591,0.000000,120.000000,0.000000,0
0.328000,0.605255,0.000000,1.132604,4.888025,0.000000,-1.430999,0.000000,120.000000,0.000000,0
0.329000,0.610141,0.000000,1.131168,4.885062,0.000000,-1.440401,0.000000,120.000000,0.000000,0
0.330000,0.615025,0.000000,1.129723,4.882100,0.000000,-1.449797,0.000000,120.000000,0.000000,0
0.331000,0.619905,0.000000,1.128268,4.879139,0.000000,-1.459188,0.000000,120.000000,0.000000,0
0.332000,0.624783,0.000000,1.126804,4.876179,0.000000,-1.468572,0.000000,120.000000,0.000000,0
0.333000,0.629658,0.000000,1.125331,4.873220,0.000000,-1.477952,0.000000,120.000000,0.000000,0
0.334000,0.634529,0.000000,1.123849,4.870262,0.000000,-1.487325,0.000000,120.000000,0.000000,0
0.335000,0.639398,0.000000,1.122356,4.867305,0.000000,-1.496693,0.000000,120.000000,0.000000,0
0.336000,0.644264,0.000000,1.120855,4.864349,0.000000,-1.506055,0.000000,120.000000,0.000000,0
0.337000,0.649127,0.000000,1.119344,4.861394,0.000000,-1.515411,0.000000,120.000000,0.000000,0
0.338000,0.653987,0.000000,1.117824,4.858439,0.000000,-1.524762,0.000000,120.000000,0.000000,0
0.339000,0.658844,0.000000,1.116295,4.855486,0.000000,-1.534107,0.000000,120.000000,0.000000,0
0.340000,0.663698,0.000000,1.114756,4.852533,0.000000,-1.543446,0.000000,120.000000,0.000000,0
0.341000,0.668549,0.000000,1.113208,4.849582,0.000000,-1.552780,0.000000,120.000000,0.000000,0
0.342000,0.673397,0.000000,1.111651,4.846631,0.000000,-1.562108,0.000000,120.000000,0.000000,0
0.343000,0.678242,0.000000,1.110084,4.843681,0.000000,-1.571430,0.000000,120.000000,0.000000,0
0.344000,0.683084,0.000000,1.108508,4.840732,0.000000,-1.580747,0.000000,120.000000,0.000000,0
0.345000,0.687924,0.000000,1.106922,4.837784,0.000000,-1.590058,0.000000,120.000000,0.000000,0
0.346000,0.692760,0.000000,1.105328,4.834837,0.000000,-1.599363,0.000000,120.000000,0.000000,0
0.347000,0.697593,0.000000,1.103724,4.831890,0.000000,-1.608663,0.000000,120.000000,0.000000,0
0.348000,0.702424,0.000000,1.102110,4.828945,0.000000,-1.617957,0.000000,120.000000,0.000000,0
0.349000,0.707251,0.000000,1.100488,4.826000,0.000000,-1.627245,0.000000,120.000000,0.000000,0
0.350000,0.712076,0.000000,1.098856,4.823056,0.000000,-1.636528,0.000000,120.000000,0.000000,0
0.351000,0.716897,0.000000,1.097215,4.820113,0.000000,-1.645804,0.000000,120.000000,0.000000,0
0.352000,0.721716,0.000000,1.095564,4.817170,0.000000,-1.655076,0.000000,120.000000,0.000000,0
0.353000,0.726532,0.000000,1.093904,4.814229,0.000000,-1.664341,0.000000,120.000000,0.000000,0
0.354000,0.731344,0.000000,1.092235,4.811288,0.000000,-1.673601,0.000000,120.000000,0.000000,0
0.355000,0.736154,0.000000,1.090557,4.808348,0.000000,-1.682855,0.000000,120.000000,0.000000,0
0.356000,0.740961,0.000000,1.088870,4.805408,0.000000,-1.692104,0.000000,120.000000,0.000000,0
0.357000,0.745765,0.000000,1.087173,4.802470,0.000000,-1.701346,0.000000,120.000000,0.000000,0
0.358000,0.750566,0.000000,1.085467,4.799532,0.000000,-1.710583,0.000000,120.000000,0.000000,0
0.359000,0.755364,0.000000,1.083752,4.796595,0.000000,-1.719815,0.000000,120.000000,0.000000,0
0.360000,0.760159,0.000000,1.082027,4.793658,0.000000,-1.729041,0.000000,120.000000,0.000000,0
0.361000,0.764951,0.000000,1.080294,4.790722,0.000000,-1.738261,0.000000,120.000000,0.000000,0
0.362000,0.769741,0.000000,1.078551,4.787787,0.000000,-1.747475,0.000000,120.000000,0.000000,0
0.363000,0.774527,0.000000,1.076799,4.784853,0.000000,-1.756684,0.000000,120.000000,0.000000,0
0.364000,0.779310,0.000000,1.075038,4.781919,0.000000,-1.765886,0.000000,120.000000,0.000000,0
0.365000,0.784091,0.000000,1.073267,4.778986,0.000000,-1.775084,0.000000,120.000000,0.000000,0
0.366000,0.788868,0.000000,1.071487,4.776054,0.000000,-1.784275,0.000000,120.000000,0.000000,0
0.367000,0.793643,0.000000,1.069699,4.773122,0.000000,-1.793461,0.000000,120.000000,0.000000,0
0.368000,0.798415,0.000000,1.067900,4.770191,0.000000,-1.802641,0.000000,120.000000,0.000000,0
0.369000,0.803183,0.000000,1.066093,4.767260,0.000000,-1.811816,0.000000,120.000000,0.000000,0
0.370000,0.807949,0.000000,1.064277,4.764330,0.000000,-1.820985,0.000000,120.000000,0.000000,0
0.371000,0.812712,0.000000,1.062451,4.761401,0.000000,-1.830148,0.000000,120.000000,0.000000,3
0.372000,0.806710,0.000000,1.064092,-18.625161,0.000000,5.741811,0.000000,24.661419,0.000000,0
0.373000,0.788106,0.000000,1.069823,-18.583760,0.000000,5.719613,0.000000,24.661419,0.000000,0
0.374000,0.769542,0.000000,1.075532,-18.542549,0.000000,5.697494,0.000000,24.661419,0.000000,0
0.375000,0.751020,0.000000,1.081218,-18.501526,0.000000,5.675452,0.000000,24.661419,0.000000,0
0.376000,0.732539,0.000000,1.086882,-18.460690,0.000000,5.653488,0.000000,24.661419,0.000000,0
0.377000,0.714099,0.000000,1.092525,-18.420039,0.000000,5.631600,0.000000,24.661419,0.000000,0
0.378000,0.695699,0.000000,1.098146,-18.379573,0.000000,5.609789,0.000000,24.661419,0.000000,0
0.379000,0.677340,0.000000,1.103745,-18.339290,0.000000,5.588053,0.000000,24.661419,0.000000,0
0.380000,0.659021,0.000000,1.109322,-18.299189,0.000000,5.566393,0.000000,24.661419,0.000000,0
0.381000,0.640741,0.000000,1.114877,-18.259268,0.000000,5.544807,0.000000,24.661419,0.000000,0
0.382000,0.622502,0.000000,1.120411,-18.219527,0.000000,5.523296,0.000000,24.661419,0.000000,0
0.383000,0.604302,0.000000,1.125924,-18.179964,0.000000,5.501858,0.000000,24.661419,0.000000,0
0.384000,0.586142,0.000000,1.131415,-18.140579,0.000000,5.480494,0.000000,24.661419,0.000000,0
0.385000,0.568021,0.000000,1.136885,-18.101369,0.000000,5.459202,0.000000,24.661419,0.000000,0
0.386000,0.549939,0.000000,1.142334,-18.062333,0.000000,5.437983,0.000000,24.661419,0.000000,0
0.387000,0.531896,0.000000,1.147761,-18.023472,0.000000,5.416835,0.000000,24.661419,0.000000,0
0.388000,0.513892,0.000000,1.153167,-17.984782,0.000000,5.395759,0.000000,24.661419,0.000000,0
0.389000,0.495927,0.000000,1.158553,-17.946264,0.000000,5.374754,0.000000,24.661419,0.000000,0
0.390000,0.478000,0.000000,1.163917,-17.907917,0.000000,5.353819,0.000000,24.661419,0.000000,0
0.391000,0.460111,0.000000,1.169260,-17.869738,0.000000,5.332953,0.000000,24.661419,0.000000,0
0.392000,0.442260,0.000000,1.174583,-17.831727,0.000000,5.312158,0.000000,24.661419,0.000000,0
0.393000,0.424447,0.000000,1.179885,-17.793883,0.000000,5.291431,0.000000,24.661419,0.000000,0
0.394000,0.406672,0.000000,1.185166,-17.756204,0.000000,5.270773,0.000000,24.661419,0.000000,0
0.395000,0.388935,0.000000,1.190426,-17.718690,0.000000,5.250182,0.000000,24.661419,0.000000,0
0.396000,0.371235,0.000000,1.195666,-17.681340,0.000000,5.229660,0.000000,24.661419,0.000000,0
0.397000,0.353572,0.000000,1.200885,-17.644152,0.000000,5.209205,0.000000,24.661419,0.000000,0
0.398000,0.335946,0.000000,1.206084,-17.607126,0.000000,5.188816,0.000000,24.661419,0.000000,0
0.399000,0.318358,0.000000,1.211263,-17.570260,0.000000,5.168494,0.000000,24.661419,0.000000,0
0.400000,0.300806,0.000000,1.216421,-17.533553,0.000000,5.148237,0.000000,24.661419,0.000000,0
0.401000,0.283291,0.000000,1.221560,-17.497005,0.000000,5.128046,0.000000,24.661419,0.000000,0
0.402000,0.265812,0.000000,1.226678,-17.460614,0.000000,5.107920,0.000000,24.661419,0.000000,0
0.403000,0.248369,0.000000,1.231775,-17.424380,0.000000,5.087859,0.000000,24.661419,0.000000,0
0.404000,0.230963,0.000000,1.236853,-17.388301,0.000000,5.067862,0.000000,24.661419,0.000000,0
0.405000,0.213593,0.000000,1.241911,-17.352376,0.000000,5.047929,0.000000,24.661419,0.000000,0
0.406000,0.196258,0.000000,1.246949,-17.316604,0.000000,5.028059,0.000000,24.661419,0.000000,0
0.407000,0.178959,0.000000,1.251967,-17.280985,0.000000,5.008252,0.000000,24.661419,0.000000,0
0.408000,0.161696,0.000000,1.256966,-17.245517,0.000000,4.988508,0.000000,24.661419,0.000000,0
0.409000,0.144468,0.000000,1.261944,-17.210199,0.000000,4.968825,0.000000,24.661419,0.000000,0
0.410000,0.127276,0.000000,1.266903,-17.175031,0.000000,4.949205,0.000000,24.661419,0.000000,0
0.411000,0.110118,0.000000,1.271843,-17.140012,0.000000,4.929646,0.000000,24.661419,0.000000,0
0.412000,0.092996,0.000000,1.276763,-17.105140,0.000000,4.910148,0.000000,24.661419,0.000000,0
0.413000,0.075908,0.000000,1.281663,-17.070415,0.000000,4.890711,0.000000,24.661419,0.000000,0
0.414000,0.058855,0.000000,1.286544,-17.035836,0.000000,4.871333,0.000000,24.661419,0.000000,0
0.415000,0.041836,0.000000,1.291406,-17.001401,0.000000,4.852016,0.000000,24.661419,0.000000,0
0.416000,0.024852,0.000000,1.296248,-16.967111,0.000000,4.832758,0.000000,24.661419,0.000000,0
0.417000,0.007902,0.000000,1.301071,-16.932963,0.000000,4.813560,0.000000,24.661419,0.000000,5
0.418000,-0.009014,0.000000,1.305875,-16.898958,0.000000,4.794420,0.000000,24.661419,0.000000,0
0.419000,-0.025896,0.000000,1.310660,-16.865094,0.000000,4.775338,0.000000,24.661419,0.000000,0
0.420000,-0.042744,0.000000,1.315426,-16.831370,0.000000,4.756314,0.000000,24.661419,0.000000,0
0.421000,-0.059559,0.000000,1.320173,-16.797786,0.000000,4.737348,0.000000,24.661419,0.000000,0
0.422000,-0.076340,0.000000,1.324901,-16.764340,0.000000,4.718440,0.000000,24.661419,0.000000,0
0.423000,-0.093088,0.000000,1.329610,-16.731033,0.000000,4.699588,0.000000,24.661419,0.000000,0
0.424000,-0.109802,0.000000,1.334300,-16.697862,0.000000,4.680793,0.000000,24.661419,0.000000,0
0.425000,-0.126483,0.000000,1.338971,-16.664827,0.000000,4.662054,0.000000,24.661419,0.000000,0
0.426000,-0.143132,0.000000,1.343624,-16.631928,0.000000,4.643371,0.000000,24.661419,0.000000,0
0.427000,-0.159747,0.000000,1.348258,-16.599163,0.000000,4.624743,0.000000,24.661419,0.000000,0
0.428000,-0.176330,0.000000,1.352874,-16.566532,0.000000,4.606171,0.000000,24.661419,0.000000,0
0.429000,-0.192880,0.000000,1.357470,-16.534034,0.000000,4.587654,0.000000,24.661419,0.000000,0
0.430000,-0.209398,0.000000,1.362049,-16.501667,0.000000,4.569191,0.000000,24.661419,0.000000,0
0.431000,-0.225884,0.000000,1.366609,-16.469432,0.000000,4.550782,0.000000,24.661419,0.000000,0
0.432000,-0.242337,0.000000,1.371150,-16.437327,0.000000,4.532427,0.000000,24.661419,0.000000,0
0.433000,-0.258758,0.000000,1.375674,-16.405352,0.000000,4.514126,0.000000,24.661419,0.000000,0
0.434000,-0.275148,0.000000,1.380179,-16.373506,0.000000,4.495878,0.000000,24.661419,0.000000,0
0.435000,-0.291506,0.000000,1.384666,-16.341788,0.000000,4.477683,0.000000,24.661419,0.000000,0
0.436000,-0.307832,0.000000,1.389134,-16.310198,0.000000,4.459540,0.000000,24.661419,0.000000,0
0.437000,-0.324126,0.000000,1.393585,-16.278733,0.000000,4.441450,0.000000,24.661419,0.000000,0
0.438000,-0.340389,0.000000,1.398017,-16.247395,0.000000,4.423412,0.000000,24.661419,0.000000,0
0.439000,-0.356621,0.000000,1.402431,-16.216182,0.000000,4.405425,0.000000,24.661419,0.000000,0
0.440000,-0.372821,0.000000,1.406828,-16.185093,0.000000,4.387489,0.000000,24.661419,0.000000,0
0.441000,-0.388991,0.000000,1.411206,-16.154127,0.000000,4.369605,0.000000,24.661419,0.000000,0
0.442000,-0.405130,0.000000,1.415567,-16.123284,0.000000,4.351771,0.000000,24.661419,0.000000,0
0.443000,-0.421238,0.000000,1.419910,-16.092564,0.000000,4.333988,0.000000,24.661419,0.000000,0
0.444000,-0.437315,0.000000,1.424235,-16.061965,0.000000,4.316255,0.000000,24.661419,0.000000,0
0.445000,-0.453362,0.000000,1.428543,-16.031486,0.000000,4.298572,0.000000,24.661419,0.000000,0
0.446000,-0.469378,0.000000,1.432832,-16.001128,0.000000,4.280938,0.000000,24.661419,0.000000,0
0.447000,-0.485364,0.000000,1.437104,-15.970889,0.000000,4.263353,0.000000,24.661419,0.000000,0
0.448000,-0.501320,0.000000,1.441359,-15.940768,0.000000,4.245818,0.000000,24.661419,0.000000,0
0.449000,-0.517245,0.000000,1.445596,-15.910765,0.000000,4.228330,0.000000,24.661419,0.000000,0
0.450000,-0.533141,0.000000,1.449816,-15.880879,0.000000,4.210892,0.000000,24.661419,0.000000,0
0.451000,-0.549007,0.000000,1.454018,-15.851110,0.000000,4.193501,0.000000,24.661419,0.000000,0
0.452000,-0.564844,0.000000,1.458203,-15.821457,0.000000,4.176158,0.000000,24.661419,0.000000,0
0.453000,-0.580650,0.000000,1.462370,-15.791918,0.000000,4.158863,0.000000,24.661419,0.000000,0
0.454000,-0.596427,0.000000,1.466520,-15.762495,0.000000,4.141615,0.000000,24.661419,0.000000,0
0.455000,-0.612175,0.000000,1.470653,-15.733185,0.000000,4.124414,0.000000,24.661419,0.000000,0
0.456000,-0.627894,0.000000,1.474769,-15.703988,0.000000,4.107260,0.000000,24.661419,0.000000,0
0.457000,-0.643583,0.000000,1.478868,-15.674903,0.000000,4.090152,0.000000,24.661419,0.000000,0
0.458000,-0.659244,0.000000,1.482950,-15.645931,0.000000,4.073090,0.000000,24.661419,0.000000,0
0.459000,-0.674875,0.000000,1.487014,-15.617069,0.000000,4.056074,0.000000,24.661419,0.000000,0
0.460000,-0.690478,0.000000,1.491062,-15.588319,0.000000,4.039104,0.000000,24.661419,0.000000,0
0.461000,-0.706052,0.000000,1.495092,-15.559678,0.000000,4.022179,0.000000,24.661419,0.000000,0
0.462000,-0.721597,0.000000,1.499106,-15.531146,0.000000,4.005299,0.000000,24.661419,0.000000,0
0.463000,-0.737114,0.000000,1.503103,-15.502723,0.000000,3.988464,0.000000,24.661419,0.000000,0
0.464000,-0.752603,0.000000,1.507083,-15.474409,0.000000,3.971674,0.000000,24.661419,0.000000,0
0.465000,-0.768063,0.000000,1.511046,-15.446201,0.000000,3.954928,0.000000,24.661419,0.000000,0
0.466000,-0.783495,0.000000,1.514993,-15.418101,0.000000,3.938226,0.000000,24.661419,0.000000,0
0.467000,-0.798899,0.000000,1.518923,-15.390106,0.000000,3.921567,0.000000,24.661419,0.000000,0
0.468000,-0.814275,0.000000,1.522836,-15.362218,0.000000,3.904953,0.000000,24.661419,0.000000,0
0.469000,-0.829624,0.000000,1.526733,-15.334434,0.000000,3.888381,0.000000,24.661419,0.000000,0
0.470000,-0.844944,0.000000,1.530613,-15.306755,0.000000,3.871853,0.000000,24.661419,0.000000,0
0.471000,-0.860237,0.000000,1.534477,-15.279179,0.000000,3.855368,0.000000,24.661419,0.000000,0
0.472000,-0.875503,0.000000,1.538324,-15.251707,0.000000,3.838925,0.000000,24.661419,0.000000,0
0.473000,-0.890741,0.000000,1.542154,-15.224338,0.000000,3.822525,0.000000,24.661419,0.000000,0
0.474000,-0.905951,0.000000,1.545969,-15.197071,0.000000,3.806166,0.000000,24.661419,0.000000,0
0.475000,-0.921135,0.000000,1.549767,-15.169905,0.000000,3.789850,0.000000,24.661419,0.000000,0
0.476000,-0.936291,0.000000,1.553548,-15.142840,0.000000,3.773575,0.000000,24.661419,0.000000,0
0.477000,-0.951421,0.000000,1.557314,-15.115876,0.000000,3.757342,0.000000,24.661419,0.000000,0
0.478000,-0.966523,0.000000,1.561063,-15.089011,0.000000,3.741149,0.000000,24.661419,0.000000,0
0.479000,-0.981599,0.000000,1.564796,-15.062246,0.000000,3.724998,0.000000,24.661419,0.000000,0
0.480000,-0.996648,0.000000,1.568513,-15.035579,0.000000,3.708888,0.000000,24.661419,0.000000,0
0.481000,-1.011670,0.000000,1.572214,-15.009011,0.000000,3.692818,0.000000,24.661419,0.000000,0
0.482000,-1.026666,0.000000,1.575899,-14.982540,0.000000,3.676788,0.000000,24.661419,0.000000,0
0.483000,-1.041635,0.000000,1.579568,-14.956167,0.000000,3.660798,0.000000,24.661419,0.000000,0
0.484000,-1.056578,0.000000,1.583220,-14.929890,0.000000,3.644848,0.000000,24.661419,0.000000,0
0.485000,-1.071495,0.000000,1.586857,-14.903709,0.000000,3.628938,0.000000,24.661419,0.000000,0
0.486000,-1.086385,0.000000,1.590478,-14.877624,0.000000,3.613067,0.000000,24.661419,0.000000,0
0.487000,-1.101250,0.000000,1.594083,-14.851634,0.000000,3.597235,0.000000,24.661419,0.000000,0
0.488000,-1.116089,0.000000,1.597673,-14.825738,0.000000,3.581443,0.000000,24.661419,0.000000,0
0.489000,-1.130902,0.000000,1.601246,-14.799936,0.000000,3.565689,0.000000,24.661419,0.000000,0
0.490000,-1.145689,0.000000,1.604804,-14.774228,0.000000,3.549973,0.000000,24.661419,0.000000,0
0.491000,-1.160450,0.000000,1.608346,-14.748612,0.000000,3.534296,0.000000,24.661419,0.000000,0
0.492000,-1.175186,0.000000,1.611873,-14.723089,0.000000,3.518657,0.000000,24.661419,0.000000,0
0.493000,-1.189896,0.000000,1.615384,-14.697658,0.000000,3.503056,0.000000,24.661419,0.000000,0
0.494000,-1.204581,0.000000,1.618879,-14.672319,0.000000,3.487492,0.000000,24.661419,0.000000,0
0.495000,-1.219241,0.000000,1.622359,-14.647070,0.000000,3.471966,0.000000,24.661419,0.000000,0
0.496000,-1.233875,0.000000,1.625823,-14.621912,0.000000,3.456478,0.000000,24.661419,0.000000,0
0.497000,-1.248485,0.000000,1.629272,-14.596844,0.000000,3.441026,0.000000,24.661419,0.000000,0
0.498000,-1.263069,0.000000,1.632705,-14.571865,0.000000,3.425611,0.000000,24.661419,0.000000,0
0.499000,-1.277629,0.000000,1.636123,-14.546976,0.000000,3.410233,0.000000,24.661419,0.000000,0
0.500000,-1.292163,0.000000,1.639525,-14.522175,0.000000,3.394892,0.000000,24.661419,0.000000,0
0.501000,-1.306673,0.000000,1.642913,-14.497462,0.000000,3.379587,0.000000,24.661419,0.000000,0
0.502000,-1.321158,0.000000,1.646285,-14.472836,0.000000,3.364318,0.000000,24.661419,0.000000,0
0.503000,-1.335619,0.000000,1.649641,-14.448298,0.000000,3.349084,0.000000,24.661419,0.000000,0
0.504000,-1.350055,0.000000,1.652983,-14.423846,0.000000,3.333887,0.000000,24.661419,0.000000,0
0.505000,-1.364466,0.000000,1.656309,-14.399481,0.000000,3.318725,0.000000,24.661419,0.000000,0
0.506000,-1.378854,0.000000,1.659620,-14.375201,0.000000,3.303598,0.000000,24.661419,0.000000,0
0.507000,-1.393217,0.000000,1.662916,-14.351007,0.000000,3.288507,0.000000,24.661419,0.000000,0
0.508000,-1.407556,0.000000,1.666197,-14.326898,0.000000,3.273451,0.000000,24.661419,0.000000,0
0.509000,-1.421871,0.000000,1.669463,-14.302873,0.000000,3.258429,0.000000,24.661419,0.000000,0
0.510000,-1.436161,0.000000,1.672714,-14.278931,0.000000,3.243442,0.000000,24.661419,0.000000,0
0.511000,-1.450428,0.000000,1.675950,-14.255074,0.000000,3.228489,0.000000,24.661419,0.000000,0
0.512000,-1.464672,0.000000,1.679171,-14.231299,0.000000,3.213571,0.000000,24.661419,0.000000,0
0.513000,-1.478891,0.000000,1.682377,-14.207608,0.000000,3.198686,0.000000,24.661419,0.000000,0
0.514000,-1.493087,0.000000,1.685568,-14.183998,0.000000,3.183836,0.000000,24.661419,0.000000,0
0.515000,-1.507259,0.000000,1.688745,-14.160470,0.000000,3.169019,0.000000,24.661419,0.000000,0
0.516000,-1.521408,0.000000,1.691907,-14.137023,0.000000,3.154235,0.000000,24.661419,0.000000,0
0.517000,-1.535533,0.000000,1.695053,-14.113658,0.000000,3.139485,0.000000,24.661419,0.000000,0
0.518000,-1.549635,0.000000,1.698186,-14.090373,0.000000,3.124769,0.000000,24.661419,0.000000,0
0.519000,-1.563714,0.000000,1.701303,-14.067168,0.000000,3.110085,0.000000,24.661419,0.000000,0
0.520000,-1.577770,0.000000,1.704406,-14.044043,0.000000,3.095434,0.000000,24.661419,0.000000,0
0.521000,-1.591802,0.000000,1.707494,-14.020997,0.000000,3.080815,0.000000,24.661419,0.000000,0
0.522000,-1.605812,0.000000,1.710567,-13.998029,0.000000,3.066230,0.000000,24.661419,0.000000,0
0.523000,-1.619798,0.000000,1.713626,-13.975141,0.000000,3.051676,0.000000,24.661419,0.000000,0
0.524000,-1.633762,0.000000,1.716671,-13.952330,0.000000,3.037155,0.000000,24.661419,0.000000,0
0.525000,-1.647703,0.000000,1.719701,-13.929597,0.000000,3.022665,0.000000,24.661419,0.000000,0
0.526000,-1.661621,0.000000,1.722716,-13.906941,0.000000,3.008208,0.000000,24.661419,0.000000,0
0.527000,-1.675517,0.000000,1.725717,-13.884362,0.000000,2.993782,0.000000,24.661419,0.000000,0
0.528000,-1.689390,0.000000,1.728704,-13.861860,0.000000,2.979387,0.000000,24.661419,0.000000,0
0.529000,-1.703241,0.000000,1.731676,-13.839433,0.000000,2.965024,0.000000,24.661419,0.000000,0
0.530000,-1.717069,0.000000,1.734634,-13.817083,0.000000,2.950692,0.000000,24.661419,0.000000,0
0.531000,-1.730875,0.000000,1.737577,-13.794807,0.000000,2.936391,0.000000,24.661419,0.000000,0
0.532000,-1.744658,0.000000,1.740506,-13.772607,0.000000,2.922121,0.000000,24.661419,0.000000,0
0.533000,-1.758420,0.000000,1.743421,-13.750481,0.000000,2.907882,0.000000,24.661419,0.000000,0
0.534000,-1.772159,0.000000,1.746322,-13.728429,0.000000,2.893673,0.000000,24.661419,0.000000,0
0.535000,-1.785877,0.000000,1.749209,-13.706451,0.000000,2.879495,0.000000,24.661419,0.000000,0
0.536000,-1.799572,0.000000,1.752081,-13.684546,0.000000,2.865347,0.000000,24.661419,0.000000,0
0.537000,-1.813246,0.000000,1.754940,-13.662715,0.000000,2.851228,0.000000,24.661419,0.000000,0
0.538000,-1.826898,0.000000,1.757784,-13.640956,0.000000,2.837140,0.000000,24.661419,0.000000,0
0.539000,-1.840528,0.000000,1.760614,-13.619269,0.000000,2.823082,0.000000,24.661419,0.000000,0
0.540000,-1.854136,0.000000,1.763430,-13.597654,0.000000,2.809053,0.000000,24.661419,0.000000,0
0.541000,-1.867723,0.000000,1.766232,-13.576111,0.000000,2.795054,0.000000,24.661419,0.000000,0
0.542000,-1.881289,0.000000,1.769020,-13.554639,0.000000,2.781084,0.000000,24.661419,0.000000,0
0.543000,-1.894833,0.000000,1.771794,-13.533238,0.000000,2.767143,0.000000,24.661419,0.000000,0
0.544000,-1.908355,0.000000,1.774554,-13.511908,0.000000,2.753231,0.000000,24.661419,0.000000,0
0.545000,-1.921856,0.000000,1.777301,-13.490647,0.000000,2.739348,0.000000,24.661419,0.000000,0
0.546000,-1.935336,0.000000,1.780033,-13.469457,0.000000,2.725494,0.000000,24.661419,0.000000,0
0.547000,-1.948795,0.000000,1.782752,-13.448336,0.000000,2.711669,0.000000,24.661419,0.000000,0
0.548000,-1.962233,0.000000,1.785456,-13.427284,0.000000,2.697872,0.000000,24.661419,0.000000,0
0.549000,-1.975650,0.000000,1.788147,-13.406301,0.000000,2.684103,0.000000,24.661419,0.000000,0
0.550000,-1.989046,0.000000,1.790825,-13.385386,0.000000,2.670362,0.000000,24.661419,0.000000,0
0.551000,-2.002421,0.000000,1.793488,-13.364539,0.000000,2.656650,0.000000,24.661419,0.000000,0
0.552000,-2.015775,0.000000,1.796138,-13.343760,0.000000,2.642965,0.000000,24.661419,0.000000,0
0.553000,-2.029108,0.000000,1.798774,-13.323049,0.000000,2.629309,0.000000,24.661419,0.000000,0
0.554000,-2.042421,0.000000,1.801396,-13.302404,0.000000,2.615679,0.000000,24.661419,0.000000,0
0.555000,-2.055713,0.000000,1.804005,-13.281827,0.000000,2.602078,0.000000,24.661419,0.000000,0
0.556000,-2.068985,0.000000,1.806601,-13.261316,0.000000,2.588503,0.000000,24.661419,0.000000,0
0.557000,-2.082236,0.000000,1.809182,-13.240870,0.000000,2.574956,0.000000,24.661419,0.000000,0
0.558000,-2.095466,0.000000,1.811751,-13.220491,0.000000,2.561436,0.000000,24.661419,0.000000,0
0.559000,-2.108677,0.000000,1.814305,-13.200177,0.000000,2.547943,0.000000,24.661419,0.000000,0
0.560000,-2.121867,0.000000,1.816846,-13.179929,0.000000,2.534477,0.000000,24.661419,0.000000,0
0.561000,-2.135037,0.000000,1.819374,-13.159745,0.000000,2.521037,0.000000,24.661419,0.000000,0
0.562000,-2.148186,0.000000,1.821889,-13.139626,0.000000,2.507624,0.000000,24.661419,0.000000,0
0.563000,-2.161316,0.000000,1.824389,-13.119571,0.000000,2.494238,0.000000,24.661419,0.000000,0
0.564000,-2.174425,0.000000,1.826877,-13.099579,0.000000,2.480878,0.000000,24.661419,0.000000,0
0.565000,-2.187515,0.000000,1.829351,-13.079652,0.000000,2.467544,0.000000,24.661419,0.000000,0
0.566000,-2.200585,0.000000,1.831812,-13.059787,0.000000,2.454236,0.000000,24.661419,0.000000,0
0.567000,-2.213635,0.000000,1.834260,-13.039986,0.000000,2.440954,0.000000,24.661419,0.000000,0
0.568000,-2.226665,0.000000,1.836694,-13.020247,0.000000,2.427697,0.000000,24.661419,0.000000,0
0.569000,-2.239675,0.000000,1.839115,-13.000571,0.000000,2.414467,0.000000,24.661419,0.000000,0
0.570000,-2.252666,0.000000,1.841523,-12.980957,0.000000,2.401262,0.000000,24.661419,0.000000,0
0.571000,-2.265637,0.000000,1.843918,-12.961404,0.000000,2.388082,0.000000,24.661419,0.000000,0
0.572000,-2.278589,0.000000,1.846299,-12.941913,0.000000,2.374928,0.000000,24.661419,0.000000,0
0.573000,-2.291521,0.000000,1.848668,-12.922484,0.000000,2.361799,0.000000,24.661419,0.000000,0
0.574000,-2.304434,0.000000,1.851023,-12.903115,0.000000,2.348695,0.000000,24.661419,0.000000,0
0.575000,-2.317327,0.000000,1.853365,-12.883806,0.000000,2.335616,0.000000,24.661419,0.000000,0
0.576000,-2.330201,0.000000,1.855694,-12.864558,0.000000,2.322562,0.000000,24.661419,0.000000,0
0.577000,-2.343056,0.000000,1.858010,-12.845370,0.000000,2.309533,0.000000,24.661419,0.000000,0
0.578000,-2.355892,0.000000,1.860313,-12.826242,0.000000,2.296528,0.000000,24.661419,0.000000,0
0.579000,-2.368709,0.000000,1.862603,-12.807173,0.000000,2.283547,0.000000,24.661419,0.000000,0
0.580000,-2.381506,0.000000,1.864880,-12.788163,0.000000,2.270591,0.000000,24.661419,0.000000,0
0.581000,-2.394285,0.000000,1.867144,-12.769213,0.000000,2.257660,0.000000,24.661419,0.000000,0
0.582000,-2.407045,0.000000,1.869396,-12.750321,0.000000,2.244752,0.000000,24.661419,0.000000,0
0.583000,-2.419786,0.000000,1.871634,-12.731487,0.000000,2.231868,0.000000,24.661419,0.000000,0
0.584000,-2.432508,0.000000,1.873859,-12.712711,0.000000,2.219009,0.000000,24.661419,0.000000,0
0.585000,-2.445211,0.000000,1.876072,-12.693993,0.000000,2.206173,0.000000,24.661419,0.000000,0
0.586000,-2.457896,0.000000,1.878272,-12.675333,0.000000,2.193361,0.000000,24.661419,0.000000,0
0.587000,-2.470562,0.000000,1.880459,-12.656730,0.000000,2.180572,0.000000,24.661419,0.000000,0
0.588000,-2.483209,0.000000,1.882633,-12.638183,0.000000,2.167807,0.000000,24.661419,0.000000,0
0.589000,-2.495838,0.000000,1.884794,-12.619694,0.000000,2.155065,0.000000,24.661419,0.000000,0
0.590000,-2.508449,0.000000,1.886943,-12.601261,0.000000,2.142347,0.000000,24.661419,0.000000,0
0.591000,-2.521041,0.000000,1.889079,-12.582884,0.000000,2.129651,0.000000,24.661419,0.000000,0
0.592000,-2.533615,0.000000,1.891202,-12.564563,0.000000,2.116979,0.000000,24.661419,0.000000,0
0.593000,-2.546170,0.000000,1.893313,-12.546298,0.000000,2.104330,0.000000,24.661419,0.000000,0
0.594000,-2.558707,0.000000,1.895411,-12.528088,0.000000,2.091703,0.000000,24.661419,0.000000,0
0.595000,-2.571226,0.000000,1.897496,-12.509933,0.000000,2.079099,0.000000,24.661419,0.000000,0
0.596000,-2.583727,0.000000,1.899569,-12.491833,0.000000,2.066518,0.000000,24.661419,0.000000,0
0.597000,-2.596210,0.000000,1.901629,-12.473788,0.000000,2.053959,0.000000,24.661419,0.000000,0
0.598000,-2.608675,0.000000,1.903677,-12.455797,0.000000,2.041423,0.000000,24.661419,0.000000,0
0.599000,-2.621122,0.000000,1.905712,-12.437861,0.000000,2.028909,0.000000,24.661419,0.000000,0
0.600000,-2.633550,0.000000,1.907735,-12.419978,0.000000,2.016417,0.000000,24.661419,0.000000,0
0.601000,-2.645961,0.000000,1.909745,-12.402149,0.000000,2.003947,0.000000,24.661419,0.000000,0
0.602000,-2.658355,0.000000,1.911743,-12.384373,0.000000,1.991500,0.000000,24.661419,0.000000,0
0.603000,-2.670730,0.000000,1.913728,-12.366650,0.000000,1.979074,0.000000,24.661419,0.000000,0
0.604000,-2.683088,0.000000,1.915701,-12.348981,0.000000,1.966670,0.000000,24.661419,0.000000,0
0.605000,-2.695428,0.000000,1.917661,-12.331364,0.000000,1.954288,0.000000,24.661419,0.000000,0
0.606000,-2.707751,0.000000,1.919609,-12.313799,0.000000,1.941927,0.000000,24.661419,0.000000,0
0.607000,-2.720056,0.000000,1.921545,-12.296287,0.000000,1.929588,0.000000,24.661419,0.000000,0
0.608000,-2.732343,0.000000,1.923469,-12.278826,0.000000,1.917270,0.000000,24.661419,0.000000,0
0.609000,-2.744614,0.000000,1.925380,-12.261417,0.000000,1.904973,0.000000,24.661419,0.000000,0
0.610000,-2.756866,0.000000,1.927279,-12.244060,0.000000,1.892698,0.000000,24.661419,0.000000,0
0.611000,-2.769102,0.000000,1.929165,-12.226754,0.000000,1.880444,0.000000,24.661419,0.000000,0
0.612000,-2.781320,0.000000,1.931040,-12.209499,0.000000,1.868211,0.000000,24.661419,0.000000,0
0.613000,-2.793521,0.000000,1.932902,-12.192294,0.000000,1.855998,0.000000,24.661419,0.000000,0
0.614000,-2.805704,0.000000,1.934752,-12.175141,0.000000,1.843807,0.000000,24.661419,0.000000,0
0.615000,-2.817871,0.000000,1.936589,-12.158037,0.000000,1.831636,0.000000,24.661419,0.000000,0
0.616000,-2.830020,0.000000,1.938415,-12.140984,0.000000,1.819486,0.000000,24.661419,0.000000,0
0.617000,-2.842153,0.000000,1.940228,-12.123980,0.000000,1.807357,0.000000,24.661419,0.000000,0
0.618000,-2.854268,0.000000,1.942030,-12.107026,0.000000,1.795248,0.000000,24.661419,0.000000,0
0.619000,-2.866367,0.000000,1.943819,-12.090122,0.000000,1.783159,0.000000,24.661419,0.000000,0
0.620000,-2.878449,0.000000,1.945596,-12.073267,0.000000,1.771091,0.000000,24.661419,0.000000,0
0.621000,-2.890514,0.000000,1.947361,-12.056460,0.000000,1.759043,0.000000,24.661419,0.000000,0
0.622000,-2.902562,0.000000,1.949114,-12.039703,0.000000,1.747015,0.000000,24.661419,0.000000,0
0.623000,-2.914593,0.000000,1.950855,-12.022994,0.000000,1.735007,0.000000,24.661419,0.000000,0
0.624000,-2.926608,0.000000,1.952584,-12.006333,0.000000,1.723019,0.000000,24.661419,0.000000,0
0.625000,-2.938606,0.000000,1.954301,-11.989720,0.000000,1.711051,0.000000,24.661419,0.000000,0
0.626000,-2.950587,0.000000,1.956006,-11.973156,0.000000,1.699102,0.000000,24.661419,0.000000,0
0.627000,-2.962552,0.000000,1.957699,-11.956638,0.000000,1.687173,0.000000,24.661419,0.000000,0
0.628000,-2.974500,0.000000,1.959380,-11.940169,0.000000,1.675264,0.000000,24.661419,0.000000,0
0.629000,-2.986432,0.000000,1.961050,-11.923746,0.000000,1.663374,0.000000,24.661419,0.000000,0
0.630000,-2.998348,0.000000,1.962707,-11.907371,0.000000,1.651504,0.000000,24.661419,0.000000,0
0.631000,-3.010247,0.000000,1.964353,-11.891043,0.000000,1.639653,0.000000,24.661419,0.000000,0
0.632000,-3.022130,0.000000,1.965986,-11.874761,0.000000,1.627821,0.000000,24.661419,0.000000,0
0.633000,-3.033997,0.000000,1.967608,-11.858525,0.000000,1.616009,0.000000,24.661419,0.000000,0
0.634000,-3.045847,0.000000,1.969219,-11.842336,0.000000,1.604215,0.000000,24.661419,0.000000,0
0.635000,-3.057681,0.000000,1.970817,-11.826193,0.000000,1.592441,0.000000,24.661419,0.000000,0
0.636000,-3.069499,0.000000,1.972403,-11.810095,0.000000,1.580685,0.000000,24.661419,0.000000,0
0.637000,-3.081302,0.000000,1.973978,-11.794044,0.000000,1.568948,0.000000,24.661419,0.000000,0
0.638000,-3.093088,0.000000,1.975541,-11.778037,0.000000,1.557230,0.000000,24.661419,0.000000,0
0.639000,-3.104858,0.000000,1.977093,-11.762076,0.000000,1.545530,0.000000,24.661419,0.000000,0
0.640000,-3.116612,0.000000,1.978632,-11.746160,0.000000,1.533850,0.000000,24.661419,0.000000,0
0.641000,-3.128350,0.000000,1.980160,-11.730288,0.000000,1.522187,0.000000,24.661419,0.000000,0
0.642000,-3.140072,0.000000,1.981677,-11.714462,0.000000,1.510543,0.000000,24.661419,0.000000,0
0.643000,-3.151779,0.000000,1.983181,-11.698679,0.000000,1.498918,0.000000,24.661419,0.000000,0
0.644000,-3.163470,0.000000,1.984675,-11.682941,0.000000,1.487310,0.000000,24.661419,0.000000,0
0.645000,-3.175145,0.000000,1.986156,-11.667247,0.000000,1.475721,0.000000,24.661419,0.000000,0
0.646000,-3.186804,0.000000,1.987626,-11.651597,0.000000,1.464150,0.000000,24.661419,0.000000,0
0.647000,-3.198448,0.000000,1.989084,-11.635990,0.000000,1.452597,0.000000,24.661419,0.000000,0
0.648000,-3.210076,0.000000,1.990531,-11.620427,0.000000,1.441062,0.000000,24.661419,0.000000,0
0.649000,-3.221689,0.000000,1.991967,-11.604907,0.000000,1.429545,0.000000,24.661419,0.000000,0
0.650000,-3.233286,0.000000,1.993390,-11.589431,0.000000,1.418046,0.000000,24.661419,0.000000,0
0.651000,-3.244868,0.000000,1.994803,-11.573997,0.000000,1.406564,0.000000,24.661419,0.000000,0
0.652000,-3.256434,0.000000,1.996203,-11.558606,0.000000,1.395100,0.000000,24.661419,0.000000,0
0.653000,-3.267985,0.000000,1.997593,-11.543257,0.000000,1.383654,0.000000,24.661419,0.000000,0
0.654000,-3.279521,0.000000,1.998971,-11.527951,0.000000,1.372225,0.000000,24.661419,0.000000,0
0.655000,-3.291041,0.000000,2.000337,-11.512687,0.000000,1.360813,0.000000,24.661419,0.000000,0
0.656000,-3.302546,0.000000,2.001692,-11.497464,0.000000,1.349419,0.000000,24.661419,0.000000,0
0.657000,-3.314036,0.000000,2.003036,-11.482284,0.000000,1.338043,0.000000,24.661419,0.000000,0
0.658000,-3.325511,0.000000,2.004369,-11.467145,0.000000,1.326683,0.000000,24.661419,0.000000,0
0.659000,-3.336970,0.000000,2.005690,-11.452048,0.000000,1.315340,0.000000,24.661419,0.000000,0
0.660000,-3.348415,0.000000,2.006999,-11.436992,0.000000,1.304015,0.000000,24.661419,0.000000,0
0.661000,-3.359844,0.000000,2.008298,-11.421977,0.000000,1.292707,0.000000,24.661419,0.000000,0
0.662000,-3.371259,0.000000,2.009585,-11.407003,0.000000,1.281415,0.000000,24.661419,0.000000,0
0.663000,-3.382658,0.000000,2.010860,-11.392070,0.000000,1.270141,0.000000,24.661419,0.000000,0
0.664000,-3.394043,0.000000,2.012125,-11.377177,0.000000,1.258883,0.000000,24.661419,0.000000,0
0.665000,-3.405413,0.000000,2.013378,-11.362325,0.000000,1.247642,0.000000,24.661419,0.000000,0
0.666000,-3.416767,0.000000,2.014620,-11.347513,0.000000,1.236417,0.000000,24.661419,0.000000,0
0.667000,-3.428108,0.000000,2.015851,-11.332741,0.000000,1.225209,0.000000,24.661419,0.000000,0
0.668000,-3.439433,0.000000,2.017071,-11.318009,0.000000,1.214018,0.000000,24.661419,0.000000,0
0.669000,-3.450744,0.000000,2.018279,-11.303316,0.000000,1.202843,0.000000,24.661419,0.000000,0
0.670000,-3.462040,0.000000,2.019476,-11.288664,0.000000,1.191684,0.000000,24.661419,0.000000,0
0.671000,-3.473321,0.000000,2.020662,-11.274050,0.000000,1.180542,0.000000,24.661419,0.000000,0
0.672000,-3.484588,0.000000,2.021837,-11.259476,0.000000,1.169416,0.000000,24.661419,0.000000,0
0.673000,-3.495840,0.000000,2.023001,-11.244941,0.000000,1.158306,0.000000,24.661419,0.000000,0
0.674000,-3.507078,0.000000,2.024154,-11.230444,0.000000,1.147213,0.000000,24.661419,0.000000,0
0.675000,-3.518301,0.000000,2.025296,-11.215987,0.000000,1.136135,0.000000,24.661419,0.000000,0
0.676000,-3.529510,0.000000,2.026426,-11.201568,0.000000,1.125073,0.000000,24.661419,0.000000,0
0.677000,-3.540704,0.000000,2.027546,-11.187187,0.000000,1.114027,0.000000,24.661419,0.000000,0
0.678000,-3.551884,0.000000,2.028654,-11.172845,0.000000,1.102997,0.000000,24.661419,0.000000,0
0.679000,-3.563050,0.000000,2.029752,-11.158540,0.000000,1.091983,0.000000,24.661419,0.000000,0
0.680000,-3.574201,0.000000,2.030838,-11.144274,0.000000,1.080985,0.000000,24.661419,0.000000,0
0.681000,-3.585338,0.000000,2.031914,-11.130045,0.000000,1.070002,0.000000,24.661419,0.000000,0
0.682000,-3.596461,0.000000,2.032978,-11.115854,0.000000,1.059035,0.000000,24.661419,0.000000,0
0.683000,-3.607570,0.000000,2.034032,-11.101700,0.000000,1.048083,0.000000,24.661419,0.000000,0
0.684000,-3.618665,0.000000,2.035075,-11.087584,0.000000,1.037147,0.000000,24.661419,0.000000,0
0.685000,-3.629745,0.000000,2.036106,-11.073505,0.000000,1.026226,0.000000,24.661419,0.000000,0
0.686000,-3.640812,0.000000,2.037127,-11.059463,0.000000,1.015321,0.000000,24.661419,0.000000,0
0.687000,-3.651864,0.000000,2.038137,-11.045457,0.000000,1.004430,0.000000,24.661419,0.000000,0
0.688000,-3.662903,0.000000,2.039136,-11.031488,0.000000,0.993556,0.000000,24.661419,0.000000,0
0.689000,-3.673927,0.000000,2.040124,-11.017556,0.000000,0.982696,0.000000,24.661419,0.000000,0
0.690000,-3.684938,0.000000,2.041101,-11.003660,0.000000,0.971851,0.000000,24.661419,0.000000,0
0.691000,-3.695934,0.000000,2.042068,-10.989801,0.000000,0.961021,0.000000,24.661419,0.000000,0
0.692000,-3.706917,0.000000,2.043023,-10.975977,0.000000,0.950207,0.000000,24.661419,0.000000,0
0.693000,-3.717886,0.000000,2.043968,-10.962189,0.000000,0.939407,0.000000,24.661419,0.000000,0
0.694000,-3.728842,0.000000,2.044902,-10.948438,0.000000,0.928622,0.000000,24.661419,0.000000,0
0.695000,-3.739783,0.000000,2.045825,-10.934721,0.000000,0.917852,0.000000,24.661419,0.000000,0
0.695000,-3.740330,0.000000,2.045871,-10.934036,0.000000,0.917314,0.000000,24.661419,0.000000,0
